URL,HTTP status,Indexability,Canonical URL,Page type,Title,Meta description,H1,H2 headings,H3 headings,Main content word count,Total visible word count,Number of paragraphs,Number of FAQs,Number of images,Number of internal links,Number of external links,Schema types,Last updated date,Search intent,Main entities,Main claims,Weaknesses,Content gaps,Misleading claim risks,Elements worth covering conceptually,Elements that must not be copied
https://governmenttabletfree.com/,200 (web-rendered audit),Appears indexable,https://governmenttabletfree.com/,Homepage,"Free Tablet With EBT [Talk, Text and Data] 2025",,Free Tablet From Government,Eligibility for a Free Government Tablet | How to Get Your Free Government Tablet | Start your application,,548,779,18,0,6+,15+,0 observed in capture,,Not visibly stated,Free government tablet eligibility and application,Lifeline; ACP; SNAP; Medicaid; National Verifier,Lifeline offers free or low-cost tablets; ACP paused,Shallow authority page; generic team and testimonial blocks; weak source visibility,Income table; household examples; current ACP status; provider comparison; recertification,ACP called paused; tablet and free service language presented too absolutely,Eligibility path; documents; National Verifier; provider selection,Brand; layout; team identities; testimonials; CTA wording; prose
https://governmenttabletfree.com/apply-now/,200 (web-rendered audit),Appears indexable,https://governmenttabletfree.com/apply-now/,Application landing page,Apply Now - Free Government Tablet,,Online Application Form,Apply Now | What You’ll Get | Frequently Asked Questions,,516,724,22,7,0 observed,14+,1 high-risk redirect,,Not visibly stated,Apply for free tablet,Lifeline; National Verifier; ACP; providers,Form submission; free talk text data; 2–4 week delivery; named brands,Collects lead details without clearly being official; external redirect; unsupported specifics,Household worksheet; privacy-safe preparation; official handoff; provider checks,Implies application submission and predictable delivery/device brands; ACP paused,Preparation questions; documents; official application path; FAQs,Form fields; benefit promises; external redirect; brand examples
https://governmenttabletfree.com/free-tablet-with-medicaid/,200 (web-rendered audit),Appears indexable,https://governmenttabletfree.com/free-tablet-with-medicaid/,Blog guide,Free Tablet with Medicaid: How to Qualify and Apply in 2026,,Free Tablet with Medicaid: How to Qualify and Apply,Overview | What devices can you get? | How to apply | Provider examples | Limitations | FAQs,,1198,1535,30,5,2+,18+,3+,,"August 16, 2025",Medicaid free tablet eligibility,Medicaid; Lifeline; ACP; USAC; National Verifier; providers,Medicaid qualifies; provider device examples; shipping estimates,Provider claims age quickly; weak source proximity; comment form and popup distract,Medicaid record mismatch; dependent cases; privacy; detailed proof anatomy,Fast-device framing; provider stock; ACP paused/closed language; 1–3 week shipping,Medicaid as Lifeline path; documents; official verification,Provider list/order; popup; shipping promises; wording and examples
https://governmenttabletfree.com/free-tablet-with-ebt/,200 (web-rendered audit),Appears indexable,https://governmenttabletfree.com/free-tablet-with-ebt/,Blog guide,Free Tablet with EBT Through Lifeline Program in 2026,,Free Tablet with EBT Through Lifeline Program,Eligibility | Lifeline Benefits and Device Options | ACP Device Discount | How to Apply | FAQs,,1296,1578,27,7,2+,16+,2+,,"August 11, 2025",EBT or SNAP free tablet,SNAP; EBT; Lifeline; ACP; USAC; providers,SNAP qualifies; free devices; unlimited service; legacy ACP discount still claimable,Conflates SNAP and EBT card proof; provider promotion specifics; broad guarantees,Better proof examples; rejected card troubleshooting; household cases,Says prior ACP users can still claim device discount; no-cost service; free shipping; quick approval,SNAP route; EBT card limitations; service/device distinction,Provider examples; exact promotional claims; paragraph order
https://governmenttabletfree.com/resources/,200 (web-rendered audit),Appears indexable,https://governmenttabletfree.com/resources/,Resource hub,Resources Guide - Free Government Tablet,,Not observed in capture,Understanding ACP | Understanding Lifeline | Eligibility | Application | State directory | Device tips | Troubleshooting | Updates | Downloads,,867,1075,26,0,0 observed,16+,0 observed,,Not visibly stated,ACP and Lifeline resources,ACP; Lifeline; FCC; National Verifier; providers,ACP offers current $30/$75 and device discount; benefits can be combined,Outdated central resource; many listed guides do not appear linked,Direct official links; source dates; downloadable working tools; current status,Presents ended ACP as active and combinable,Resource taxonomy; application steps; troubleshooting,ACP framing; list sequence; unsupported downloadable resources
https://governmenttabletfree.com/disclaimer/,Not retrievable in available web audit (cache miss),Not verified,Not verified,Legal/editorial/archive,Not measured,Not measured,Not measured,Not measured,Not measured,Not measured,Not measured,Not measured,Not measured,Not measured,Not measured,Not measured,Not verified,Not verified,"Trust, legal, contact, or archive intent",Publisher; user; site,Not verified,Could not be fully inspected from available crawler path,Marked for manual follow-up,Not assessed,Appropriate trust or legal function,"Any wording, layout, identities, or boilerplate"
https://governmenttabletfree.com/about/,Not retrievable in available web audit (cache miss),Not verified,Not verified,Legal/editorial/archive,Not measured,Not measured,Not measured,Not measured,Not measured,Not measured,Not measured,Not measured,Not measured,Not measured,Not measured,Not measured,Not verified,Not verified,"Trust, legal, contact, or archive intent",Publisher; user; site,Not verified,Could not be fully inspected from available crawler path,Marked for manual follow-up,Not assessed,Appropriate trust or legal function,"Any wording, layout, identities, or boilerplate"
https://governmenttabletfree.com/terms-and-conditions/,Not retrievable in available web audit (cache miss),Not verified,Not verified,Legal/editorial/archive,Not measured,Not measured,Not measured,Not measured,Not measured,Not measured,Not measured,Not measured,Not measured,Not measured,Not measured,Not measured,Not verified,Not verified,"Trust, legal, contact, or archive intent",Publisher; user; site,Not verified,Could not be fully inspected from available crawler path,Marked for manual follow-up,Not assessed,Appropriate trust or legal function,"Any wording, layout, identities, or boilerplate"
https://governmenttabletfree.com/privacy-policy/,Not retrievable in available web audit (cache miss),Not verified,Not verified,Legal/editorial/archive,Not measured,Not measured,Not measured,Not measured,Not measured,Not measured,Not measured,Not measured,Not measured,Not measured,Not measured,Not measured,Not verified,Not verified,"Trust, legal, contact, or archive intent",Publisher; user; site,Not verified,Could not be fully inspected from available crawler path,Marked for manual follow-up,Not assessed,Appropriate trust or legal function,"Any wording, layout, identities, or boilerplate"
https://governmenttabletfree.com/contact-us/,Not retrievable in available web audit (cache miss),Not verified,Not verified,Legal/editorial/archive,Not measured,Not measured,Not measured,Not measured,Not measured,Not measured,Not measured,Not measured,Not measured,Not measured,Not measured,Not measured,Not verified,Not verified,"Trust, legal, contact, or archive intent",Publisher; user; site,Not verified,Could not be fully inspected from available crawler path,Marked for manual follow-up,Not assessed,Appropriate trust or legal function,"Any wording, layout, identities, or boilerplate"
https://governmenttabletfree.com/category/blog/,Not retrievable in available web audit (cache miss),Not verified,Not verified,Legal/editorial/archive,Not measured,Not measured,Not measured,Not measured,Not measured,Not measured,Not measured,Not measured,Not measured,Not measured,Not measured,Not measured,Not verified,Not verified,"Trust, legal, contact, or archive intent",Publisher; user; site,Not verified,Could not be fully inspected from available crawler path,Marked for manual follow-up,Not assessed,Appropriate trust or legal function,"Any wording, layout, identities, or boilerplate"
