URL,Page type,Primary search intent,Secondary search intents,Primary keyword,Secondary keywords,Supporting terms,Main entities,Entity relationships,Search journey stage,H1,Proposed title tag,Meta description,Target word count,Actual word count,Schema type,Parent hub,Internal links in,Internal links out,Official sources,Image requirement,Update frequency,Indexation status
/,home,Lifeline tablet guidance,A calm starting point that separates the federal service discount from optional provider device promotions.,Lifeline tablet guidance,official eligibility rules; clear documentation; household limits; provider-specific terms; privacy and scam prevention,USAC; FCC; National Verifier; household; provider terms,Lifeline; USAC; FCC; official eligibility rules; clear documentation,A calm starting point that separates the federal service discount from optional provider device promotions.,Discover,Lifeline Tablet and Device Guide,Lifeline Tablet and Device Guide | AccessPath Guide,"Understand Lifeline eligibility, official verification, provider choices, and device-offer limits without misleading promises.",2500,2874,WebPage,/,0,8,https://www.lifelinesupport.org/how-to-qualify/; https://www.fcc.gov/lifeline-consumers; https://www.fcc.gov/acp,Original editorial illustration,Quarterly; immediate for material rule changes,"index,follow"
/apply-now/,apply,how to apply for Lifeline,"Preparation, National Verifier steps, household questions, documents, and safe official handoff.",how to apply for Lifeline,preparation checklist; household question; official verification; provider comparison; privacy-safe handoff,USAC; FCC; National Verifier; household; provider terms,Lifeline; USAC; FCC; preparation checklist; household question,"Preparation, National Verifier steps, household questions, documents, and safe official handoff.",Evaluate or act,Start a Lifeline Application Safely,Start a Lifeline Application Safely | AccessPath Guide,"Use a private, browser-only pathway to prepare for official Lifeline verification and provider enrollment.",2000,2338,WebPage,/,0,0,https://www.lifelinesupport.org/how-to-qualify/; https://www.fcc.gov/lifeline-consumers; https://www.lifelinesupport.org/get-started/documents-needed/,Original editorial illustration,Quarterly; immediate for material rule changes,"index,follow"
/free-tablet-with-medicaid/,pillar,free tablet with Medicaid,"The relationship between Medicaid participation, Lifeline verification, and provider-specific device offers.",free tablet with Medicaid,active Medicaid enrollment; benefit or approval letter; record matching; program-based eligibility; provider enrollment,USAC; FCC; National Verifier; household; provider terms,Lifeline; USAC; FCC; active Medicaid enrollment; benefit or approval letter,"The relationship between Medicaid participation, Lifeline verification, and provider-specific device offers.",Discover,Free Tablet With Medicaid: What Eligibility Really Means,Free Tablet With Medicaid: What Eligibility Really Means | AccessPath Guide,"Medicaid can support Lifeline eligibility, but Medicaid does not issue tablets and a device is never guaranteed.",1800,2014,WebPage,/,1,0,https://www.lifelinesupport.org/how-to-qualify/; https://www.fcc.gov/lifeline-consumers; https://www.lifelinesupport.org/get-started/documents-needed/; https://www.lifelinesupport.org/companies-near-me/,Original editorial illustration,Quarterly; immediate for material rule changes,"index,follow"
/free-tablet-with-ebt/,pillar,free tablet with EBT,"SNAP proof, EBT-card limits, National Verifier review, and provider availability.",free tablet with EBT,SNAP participation; EBT card limitations; benefit award letter; program proof; provider availability,USAC; FCC; National Verifier; household; provider terms,Lifeline; USAC; FCC; SNAP participation; EBT card limitations,"SNAP proof, EBT-card limits, National Verifier review, and provider availability.",Discover,"Free Tablet With EBT or SNAP: Proof, Eligibility, and Limits","Free Tablet With EBT or SNAP: Proof, Eligibility, and Limits | AccessPath Guide",SNAP participation can qualify a household for Lifeline; an EBT card alone may not be enough proof and no tablet is guaranteed.,1800,1997,WebPage,/,1,0,https://www.lifelinesupport.org/how-to-qualify/; https://www.fcc.gov/lifeline-consumers; https://www.lifelinesupport.org/get-started/documents-needed/; https://www.lifelinesupport.org/companies-near-me/; https://www.fcc.gov/acp,Original editorial illustration,Quarterly; immediate for material rule changes,"index,follow"
/lifeline-program/,pillar,Lifeline program,"Program purpose, monthly discount, eligible services, administration, and consumer responsibilities.",Lifeline program,monthly service discount; eligible phone or internet service; USAC administration; one benefit per household; consumer responsibilities,USAC; FCC; National Verifier; household; provider terms,Lifeline; USAC; FCC; monthly service discount; eligible phone or internet service,"Program purpose, monthly discount, eligible services, administration, and consumer responsibilities.",Discover,The Lifeline Program Explained,The Lifeline Program Explained | AccessPath Guide,Lifeline is an FCC benefit that lowers the cost of qualifying phone or internet service for eligible households.,1800,1831,WebPage,/,0,0,https://www.lifelinesupport.org/how-to-qualify/; https://www.fcc.gov/lifeline-consumers; https://www.fcc.gov/acp,Original editorial illustration,Quarterly; immediate for material rule changes,"index,follow"
/lifeline-eligibility/,pillar,Lifeline eligibility,"Program-based and income-based routes, identity checks, household rules, and common edge cases.",Lifeline eligibility,program route; income route; identity and address; household rule; official verification,USAC; FCC; National Verifier; household; provider terms,Lifeline; USAC; FCC; program route; income route,"Program-based and income-based routes, identity checks, household rules, and common edge cases.",Discover,Lifeline Eligibility Guide,Lifeline Eligibility Guide | AccessPath Guide,"A household may qualify through income or participation in an accepted assistance program, subject to official verification.",1800,2040,WebPage,/,0,0,https://www.lifelinesupport.org/how-to-qualify/; https://www.fcc.gov/lifeline-consumers,Original editorial illustration,Quarterly; immediate for material rule changes,"index,follow"
/income-eligibility/,pillar,Lifeline income limit 2026,"Current thresholds, household size, gross income evidence, and calculation cautions.",Lifeline income limit 2026,gross household income; household size; 135% guideline; pay statements; tax or benefit records,USAC; FCC; National Verifier; household; provider terms,Lifeline; USAC; FCC; gross household income; household size,"Current thresholds, household size, gross income evidence, and calculation cautions.",Discover,Lifeline Income Eligibility for 2026,Lifeline Income Eligibility for 2026 | AccessPath Guide,"For 2026, Lifeline income eligibility generally uses 135% of the Federal Poverty Guidelines, with higher figures for Alaska and Hawaii.",1800,2004,WebPage,/,0,0,https://www.lifelinesupport.org/how-to-qualify/; https://www.fcc.gov/lifeline-consumers; https://www.lifelinesupport.org/get-started/documents-needed/,Original editorial illustration,Quarterly; immediate for material rule changes,"index,follow"
/qualifying-programs/,guide,Lifeline qualifying programs,"Accepted programs, program relationships, proof examples, and what does not automatically qualify.",Lifeline qualifying programs,monthly service discount; eligible phone or internet service; USAC administration; one benefit per household; consumer responsibilities,USAC; FCC; National Verifier; household; provider terms,Lifeline; USAC; FCC; monthly service discount; eligible phone or internet service,"Accepted programs, program relationships, proof examples, and what does not automatically qualify.",Evaluate or act,Programs That Can Qualify You for Lifeline,Programs That Can Qualify You for Lifeline | AccessPath Guide,"Medicaid, SNAP, SSI, Federal Public Housing Assistance, qualifying veterans benefits, and certain Tribal programs can support eligibility.",1300,1946,WebPage,/,0,0,https://www.lifelinesupport.org/how-to-qualify/; https://www.fcc.gov/lifeline-consumers,Original editorial illustration,Quarterly; immediate for material rule changes,"index,follow"
/documents-needed/,guide,Lifeline documents needed,"Identity, address, program, income, household, and dependent documentation.",Lifeline documents needed,legibility; current date; applicant name; issuing organization; complete page,USAC; FCC; National Verifier; household; provider terms,Lifeline; USAC; FCC; legibility; current date,"Identity, address, program, income, household, and dependent documentation.",Evaluate or act,Documents Needed for a Lifeline Application,Documents Needed for a Lifeline Application | AccessPath Guide,"Use current, readable documents that show the applicant name, qualifying program or income, issuer, and relevant date.",1300,1811,WebPage,/,0,0,https://www.lifelinesupport.org/how-to-qualify/; https://www.fcc.gov/lifeline-consumers; https://www.lifelinesupport.org/get-started/documents-needed/,Original editorial illustration,Quarterly; immediate for material rule changes,"index,follow"
/national-verifier-guide/,pillar,National Verifier Lifeline,"Account setup, automated checks, manual review, document uploads, status, and troubleshooting.",National Verifier Lifeline,identity matching; automated database check; manual document review; application status; official notice,USAC; FCC; National Verifier; household; provider terms,Lifeline; USAC; FCC; identity matching; automated database check,"Account setup, automated checks, manual review, document uploads, status, and troubleshooting.",Discover,National Verifier Guide for Lifeline,National Verifier Guide for Lifeline | AccessPath Guide,The National Verifier checks whether an applicant meets Lifeline eligibility rules before provider enrollment.,1800,1827,WebPage,/,1,0,https://www.lifelinesupport.org/how-to-qualify/; https://www.fcc.gov/lifeline-consumers,Original editorial illustration,Quarterly; immediate for material rule changes,"index,follow"
/companies-near-me/,pillar,Lifeline companies near me,"Official provider lookup, local availability, service questions, device promotions, and red flags.",Lifeline companies near me,official company lookup; ZIP-code availability; provider website; coverage confirmation; enrollment terms,USAC; FCC; National Verifier; household; provider terms,Lifeline; USAC; FCC; official company lookup; ZIP-code availability,"Official provider lookup, local availability, service questions, device promotions, and red flags.",Discover,Find Lifeline Companies Near You,Find Lifeline Companies Near You | AccessPath Guide,Use the official company search and compare service details in your ZIP code before sharing information or paying a fee.,1800,1879,WebPage,/,0,0,https://www.lifelinesupport.org/how-to-qualify/; https://www.fcc.gov/lifeline-consumers; https://www.lifelinesupport.org/companies-near-me/,Original editorial illustration,Quarterly; immediate for material rule changes,"index,follow"
/compare-lifeline-providers/,pillar,compare Lifeline providers,A neutral comparison framework with no invented rankings or endorsements.,compare Lifeline providers,coverage; monthly allowance; network; device terms; customer support,USAC; FCC; National Verifier; household; provider terms,Lifeline; USAC; FCC; coverage; monthly allowance,A neutral comparison framework with no invented rankings or endorsements.,Discover,How to Compare Lifeline Providers,How to Compare Lifeline Providers | AccessPath Guide,"Compare coverage, service allowance, network, device terms, customer support, and transfer rules rather than choosing by a tablet headline.",1800,1810,WebPage,/,1,0,https://www.lifelinesupport.org/how-to-qualify/; https://www.fcc.gov/lifeline-consumers; https://www.lifelinesupport.org/companies-near-me/,Original editorial illustration,Quarterly; immediate for material rule changes,"index,follow"
/application-denied/,guide,Lifeline application denied,"Reason-by-reason troubleshooting, corrections, document replacement, and escalation.",Lifeline application denied,reason code; record mismatch; replacement proof; duplicate benefit; follow-up deadline,USAC; FCC; National Verifier; household; provider terms,Lifeline; USAC; FCC; reason code; record mismatch,"Reason-by-reason troubleshooting, corrections, document replacement, and escalation.",Evaluate or act,What to Do if a Lifeline Application Is Denied,What to Do if a Lifeline Application Is Denied | AccessPath Guide,"A denial may result from missing proof, mismatched records, duplicate benefits, identity issues, or an unresolved household question.",1300,1804,WebPage,/,0,0,https://www.lifelinesupport.org/how-to-qualify/; https://www.fcc.gov/lifeline-consumers; https://www.lifelinesupport.org/get-started/documents-needed/,Original editorial illustration,Quarterly; immediate for material rule changes,"index,follow"
/application-status/,guide,Lifeline application status,"Status meanings, processing stages, follow-up questions, and privacy-safe tracking.",Lifeline application status,eligibility status; provider enrollment; order status; activation; support reference,USAC; FCC; National Verifier; household; provider terms,Lifeline; USAC; FCC; eligibility status; provider enrollment,"Status meanings, processing stages, follow-up questions, and privacy-safe tracking.",Evaluate or act,How to Check Lifeline Application Status,How to Check Lifeline Application Status | AccessPath Guide,"Check the official system or the provider handling enrollment, and keep eligibility approval separate from device-order status.",1300,1804,WebPage,/,0,0,https://www.lifelinesupport.org/how-to-qualify/; https://www.fcc.gov/lifeline-consumers,Original editorial illustration,Quarterly; immediate for material rule changes,"index,follow"
/one-per-household-rule/,pillar,one Lifeline per household,"Household definition, roommates, shelters, shared expenses, worksheets, and duplicate-benefit prevention.",one Lifeline per household,shared income; shared expenses; economic household; roommates; household worksheet,USAC; FCC; National Verifier; household; provider terms,Lifeline; USAC; FCC; shared income; shared expenses,"Household definition, roommates, shelters, shared expenses, worksheets, and duplicate-benefit prevention.",Discover,One Lifeline Benefit per Household Rule,One Lifeline Benefit per Household Rule | AccessPath Guide,"Only one Lifeline discount is generally allowed for each economic household, not automatically one per street address.",1800,1861,WebPage,/,0,0,https://www.lifelinesupport.org/how-to-qualify/; https://www.fcc.gov/lifeline-consumers; https://www.lifelinesupport.org/what-is-a-household/,Original editorial illustration,Quarterly; immediate for material rule changes,"index,follow"
/lifeline-recertification/,guide,Lifeline recertification,"Annual review, notices, 60-day response window, evidence, and loss-of-benefit prevention.",Lifeline recertification,annual eligibility review; official notice; 60-day response period; supporting proof; continued service,USAC; FCC; National Verifier; household; provider terms,Lifeline; USAC; FCC; annual eligibility review; official notice,"Annual review, notices, 60-day response window, evidence, and loss-of-benefit prevention.",Evaluate or act,Lifeline Recertification Guide,Lifeline Recertification Guide | AccessPath Guide,USAC may automatically confirm eligibility or ask the subscriber to recertify within a stated response period.,1300,1793,WebPage,/,0,0,https://www.lifelinesupport.org/how-to-qualify/; https://www.fcc.gov/lifeline-consumers; https://www.lifelinesupport.org/get-started/recertify/,Original editorial illustration,Quarterly; immediate for material rule changes,"index,follow"
/lifeline-service-requirements/,guide,Lifeline service requirements,"Usage, activation, notices, non-use de-enrollment, transfers, and provider communication.",Lifeline service requirements,activation; regular use; 30-day usage expectation; provider notice; de-enrollment,USAC; FCC; National Verifier; household; provider terms,Lifeline; USAC; FCC; activation; regular use,"Usage, activation, notices, non-use de-enrollment, transfers, and provider communication.",Evaluate or act,Lifeline Service Usage and Enrollment Requirements,Lifeline Service Usage and Enrollment Requirements | AccessPath Guide,"No-cost Lifeline service must be used regularly, and subscribers must keep eligibility and contact details current.",1300,1817,WebPage,/,0,0,https://www.lifelinesupport.org/how-to-qualify/; https://www.fcc.gov/lifeline-consumers,Original editorial illustration,Quarterly; immediate for material rule changes,"index,follow"
/device-offers-explained/,pillar,Lifeline tablet offers,"Inventory, models, fees, refurbished devices, shipping, returns, activation, and offer changes.",Lifeline tablet offers,provider promotion; inventory; model substitution; fees; return and activation terms,USAC; FCC; National Verifier; household; provider terms,Lifeline; USAC; FCC; provider promotion; inventory,"Inventory, models, fees, refurbished devices, shipping, returns, activation, and offer changes.",Discover,Lifeline Device Offers Explained,Lifeline Device Offers Explained | AccessPath Guide,"A phone or tablet promotion is offered by a participating company under its current terms, not guaranteed by Lifeline itself.",1800,1831,WebPage,/,0,0,https://www.lifelinesupport.org/how-to-qualify/; https://www.fcc.gov/lifeline-consumers; https://www.lifelinesupport.org/companies-near-me/; https://www.fcc.gov/acp,Original editorial illustration,Quarterly; immediate for material rule changes,"index,follow"
/tablet-vs-phone-benefits/,guide,Lifeline tablet vs phone,Practical comparison without promising a particular device or plan.,Lifeline tablet vs phone,official eligibility rules; clear documentation; household limits; provider-specific terms; privacy and scam prevention,USAC; FCC; National Verifier; household; provider terms,Lifeline; USAC; FCC; official eligibility rules; clear documentation,Practical comparison without promising a particular device or plan.,Evaluate or act,Tablet vs Phone for Lifeline Service,Tablet vs Phone for Lifeline Service | AccessPath Guide,"The better choice depends on portability, calling needs, coverage, accessibility, data use, and the provider plan attached to the device.",1300,1837,WebPage,/,0,0,https://www.lifelinesupport.org/how-to-qualify/; https://www.fcc.gov/lifeline-consumers; https://www.lifelinesupport.org/companies-near-me/,Original editorial illustration,Quarterly; immediate for material rule changes,"index,follow"
/lifeline-scams/,pillar,free tablet scams,"Red flags, safe verification, data protection, payment cautions, and reporting.",free tablet scams,approval promises; false urgency; insecure uploads; unrelated redirects; hidden charges,USAC; FCC; National Verifier; household; provider terms,Lifeline; USAC; FCC; approval promises; false urgency,"Red flags, safe verification, data protection, payment cautions, and reporting.",Discover,Lifeline and Free Tablet Scam Warning Guide,Lifeline and Free Tablet Scam Warning Guide | AccessPath Guide,"Avoid websites or callers that guarantee approval, demand sensitive documents through insecure channels, or create false urgency.",1800,1831,WebPage,/,0,0,https://www.lifelinesupport.org/how-to-qualify/; https://www.fcc.gov/lifeline-consumers,Original editorial illustration,Quarterly; immediate for material rule changes,"index,follow"
/resources/,hub,Lifeline resources,Source-first resource hub with printable preparation tools and plain-language explanations.,Lifeline resources,FCC; USAC; Lifeline Support; state agencies; official provider terms,USAC; FCC; National Verifier; household; provider terms,Lifeline; USAC; FCC; FCC; USAC,Source-first resource hub with printable preparation tools and plain-language explanations.,Evaluate or act,Official Lifeline Resources and Checklists,Official Lifeline Resources and Checklists | AccessPath Guide,"A curated directory of official eligibility, document, application, household, provider, recertification, and consumer-help resources.",1400,1766,WebPage,/,0,0,https://www.lifelinesupport.org/how-to-qualify/; https://www.fcc.gov/lifeline-consumers,Original editorial illustration,Quarterly; immediate for material rule changes,"index,follow"
/blog/,bloghub,Lifeline blog,"Editorial archive without thin category, tag, author, or pagination pages.",Lifeline blog,official eligibility rules; clear documentation; household limits; provider-specific terms; privacy and scam prevention,USAC; FCC; National Verifier; household; provider terms,Lifeline; USAC; FCC; official eligibility rules; clear documentation,"Editorial archive without thin category, tag, author, or pagination pages.",Evaluate or act,Lifeline Learning Center,Lifeline Learning Center | AccessPath Guide,"Detailed articles answer common questions about eligibility, documents, providers, recertification, and device promotions.",1100,1268,WebPage,/,0,10,https://www.lifelinesupport.org/how-to-qualify/; https://www.fcc.gov/lifeline-consumers,Original editorial illustration,Quarterly; immediate for material rule changes,"index,follow"
/about/,trust,about AccessPath Guide,"Publisher purpose, limits, independence, funding disclosures, and contact route.",about AccessPath Guide,official eligibility rules; clear documentation; household limits; provider-specific terms; privacy and scam prevention,USAC; FCC; National Verifier; household; provider terms,Lifeline; USAC; FCC; official eligibility rules; clear documentation,"Publisher purpose, limits, independence, funding disclosures, and contact route.",Evaluate or act,About AccessPath Guide,About AccessPath Guide | AccessPath Guide,"AccessPath Guide is an independent editorial resource that explains Lifeline without acting as an agency, provider, or application processor.",1000,1115,WebPage,/,0,0,https://www.lifelinesupport.org/how-to-qualify/; https://www.fcc.gov/lifeline-consumers,Original editorial illustration,Quarterly; immediate for material rule changes,"index,follow"
/contact-us/,contact,contact AccessPath Guide,A non-sensitive editorial contact method with clear boundaries.,contact AccessPath Guide,official eligibility rules; clear documentation; household limits; provider-specific terms; privacy and scam prevention,USAC; FCC; National Verifier; household; provider terms,Lifeline; USAC; FCC; official eligibility rules; clear documentation,A non-sensitive editorial contact method with clear boundaries.,Evaluate or act,Contact AccessPath Guide,Contact AccessPath Guide | AccessPath Guide,"Contact the editorial team about corrections, accessibility, source updates, or general website feedback.",650,841,WebPage,/,0,0,https://www.lifelinesupport.org/how-to-qualify/; https://www.fcc.gov/lifeline-consumers,Original editorial illustration,Quarterly; immediate for material rule changes,"index,follow"
/editorial-policy/,trust,editorial policy,"Writing standards, independence, provider mentions, advertising, and review cadence.",editorial policy,primary-source review; claim qualification; review date; corrections; provider neutrality,USAC; FCC; National Verifier; household; provider terms,Lifeline; USAC; FCC; primary-source review; claim qualification,"Writing standards, independence, provider mentions, advertising, and review cadence.",Evaluate or act,Editorial Policy,Editorial Policy | AccessPath Guide,"Our editorial process prioritizes official sources, qualified language, clear distinctions, and useful consumer context.",1000,1046,WebPage,/,0,0,https://www.lifelinesupport.org/how-to-qualify/; https://www.fcc.gov/lifeline-consumers,Original editorial illustration,Quarterly; immediate for material rule changes,"index,follow"
/fact-checking-policy/,trust,fact checking policy,"Claim logging, source hierarchy, date control, conflict handling, and verification limits.",fact checking policy,official eligibility rules; clear documentation; household limits; provider-specific terms; privacy and scam prevention,USAC; FCC; National Verifier; household; provider terms,Lifeline; USAC; FCC; official eligibility rules; clear documentation,"Claim logging, source hierarchy, date control, conflict handling, and verification limits.",Evaluate or act,Fact-Checking Policy,Fact-Checking Policy | AccessPath Guide,Time-sensitive Lifeline facts are checked against primary sources and assigned a scheduled review date.,1000,1077,WebPage,/,0,0,https://www.lifelinesupport.org/how-to-qualify/; https://www.fcc.gov/lifeline-consumers,Original editorial illustration,Quarterly; immediate for material rule changes,"index,follow"
/corrections-policy/,trust,corrections policy,"Submission, assessment, correction labels, propagation, and record keeping.",corrections policy,official eligibility rules; clear documentation; household limits; provider-specific terms; privacy and scam prevention,USAC; FCC; National Verifier; household; provider terms,Lifeline; USAC; FCC; official eligibility rules; clear documentation,"Submission, assessment, correction labels, propagation, and record keeping.",Evaluate or act,Corrections Policy,Corrections Policy | AccessPath Guide,"Material errors are corrected transparently, dated, and reviewed across every page that relies on the affected claim.",1000,1019,WebPage,/,0,0,https://www.lifelinesupport.org/how-to-qualify/; https://www.fcc.gov/lifeline-consumers,Original editorial illustration,Quarterly; immediate for material rule changes,"index,follow"
/privacy-policy/,legal,privacy policy,"Actual data behavior, local storage, email, external links, optional analytics, and security limits.",privacy policy,no sensitive document collection; browser-only tools; external links; email handling; optional analytics,USAC; FCC; National Verifier; household; provider terms,Lifeline; USAC; FCC; no sensitive document collection; browser-only tools,"Actual data behavior, local storage, email, external links, optional analytics, and security limits.",Evaluate or act,Privacy Policy,Privacy Policy | AccessPath Guide,This static website does not collect benefit documents or run analytics by default; local tools remain in the visitor browser.,900,1136,WebPage,/,0,0,https://www.lifelinesupport.org/how-to-qualify/; https://www.fcc.gov/lifeline-consumers,Original editorial illustration,Quarterly; immediate for material rule changes,"index,follow"
/disclaimer/,legal,Lifeline disclaimer,"Independence, no guarantee, provider variation, source limits, and user responsibility.",Lifeline disclaimer,official eligibility rules; clear documentation; household limits; provider-specific terms; privacy and scam prevention,USAC; FCC; National Verifier; household; provider terms,Lifeline; USAC; FCC; official eligibility rules; clear documentation,"Independence, no guarantee, provider variation, source limits, and user responsibility.",Evaluate or act,Independent Information Disclaimer,Independent Information Disclaimer | AccessPath Guide,"This website is not affiliated with the FCC, USAC, Medicaid, SNAP, any state agency, or any Lifeline provider.",900,1040,WebPage,/,0,0,https://www.lifelinesupport.org/how-to-qualify/; https://www.fcc.gov/lifeline-consumers,Original editorial illustration,Quarterly; immediate for material rule changes,"index,follow"
/terms-and-conditions/,legal,website terms,"Acceptable use, informational limits, intellectual property, external links, and changes.",website terms,official eligibility rules; clear documentation; household limits; provider-specific terms; privacy and scam prevention,USAC; FCC; National Verifier; household; provider terms,Lifeline; USAC; FCC; official eligibility rules; clear documentation,"Acceptable use, informational limits, intellectual property, external links, and changes.",Evaluate or act,Terms and Conditions,Terms and Conditions | AccessPath Guide,"These terms govern use of AccessPath Guide as an informational publication, not an application or provider service.",900,1037,WebPage,/,0,0,https://www.lifelinesupport.org/how-to-qualify/; https://www.fcc.gov/lifeline-consumers,Original editorial illustration,Quarterly; immediate for material rule changes,"index,follow"
/accessibility/,trust,accessibility statement,"Accessibility features, known limits, feedback, and remediation process.",accessibility statement,keyboard access; focus visibility; semantic headings; responsive tables; reduced motion,USAC; FCC; National Verifier; household; provider terms,Lifeline; USAC; FCC; keyboard access; focus visibility,"Accessibility features, known limits, feedback, and remediation process.",Evaluate or act,Accessibility Statement,Accessibility Statement | AccessPath Guide,"AccessPath Guide is designed toward WCAG 2.2 AA with keyboard access, clear structure, contrast, responsive layouts, and reduced motion.",1000,1007,WebPage,/,0,0,https://www.lifelinesupport.org/how-to-qualify/; https://www.fcc.gov/lifeline-consumers,Original editorial illustration,Quarterly; immediate for material rule changes,"index,follow"
/sources/,hub,Lifeline official sources,"Source directory, review dates, time-sensitive claim handling, and citation practice.",Lifeline official sources,FCC; USAC; Lifeline Support; state agencies; official provider terms,USAC; FCC; National Verifier; household; provider terms,Lifeline; USAC; FCC; FCC; USAC,"Source directory, review dates, time-sensitive claim handling, and citation practice.",Evaluate or act,Primary Sources Used by AccessPath Guide,Primary Sources Used by AccessPath Guide | AccessPath Guide,"Official FCC, USAC, Lifeline Support, state, and provider pages are used according to a transparent source hierarchy.",1400,1814,WebPage,/,0,0,https://www.lifelinesupport.org/how-to-qualify/; https://www.fcc.gov/lifeline-consumers,Original editorial illustration,Quarterly; immediate for material rule changes,"index,follow"
/blog/medicaid-lifeline-eligibility/,article,Medicaid Lifeline eligibility,"Program proof, record matching, household questions, and provider-device distinction.",Medicaid Lifeline eligibility,active Medicaid enrollment; benefit or approval letter; record matching; program-based eligibility; provider enrollment,USAC; FCC; National Verifier; household; provider terms,Lifeline; USAC; FCC; active Medicaid enrollment; benefit or approval letter,"Program proof, record matching, household questions, and provider-device distinction.",Discover,How Medicaid Can Support Lifeline Eligibility,How Medicaid Can Support Lifeline Eligibility | AccessPath Guide,"Medicaid participation can establish a Lifeline eligibility pathway, but the applicant must still complete official verification and provider enrollment.",1500,1687,BlogPosting,/blog/,2,0,https://www.lifelinesupport.org/how-to-qualify/; https://www.fcc.gov/lifeline-consumers; https://www.lifelinesupport.org/get-started/documents-needed/,Original editorial illustration,Quarterly; immediate for material rule changes,"index,follow"
/blog/ebt-card-snap-proof/,article,EBT card SNAP proof Lifeline,"Why cards can fail, better documents, redaction cautions, and resubmission steps.",EBT card SNAP proof Lifeline,SNAP participation; EBT card limitations; benefit award letter; program proof; provider availability,USAC; FCC; National Verifier; household; provider terms,Lifeline; USAC; FCC; SNAP participation; EBT card limitations,"Why cards can fail, better documents, redaction cautions, and resubmission steps.",Discover,Is an EBT Card Enough to Prove SNAP Participation?,Is an EBT Card Enough to Prove SNAP Participation? | AccessPath Guide,An EBT card may not show the details needed for Lifeline review; an official benefit or approval document is usually stronger evidence.,1500,1789,BlogPosting,/blog/,2,0,https://www.lifelinesupport.org/how-to-qualify/; https://www.fcc.gov/lifeline-consumers; https://www.lifelinesupport.org/get-started/documents-needed/,Original editorial illustration,Quarterly; immediate for material rule changes,"index,follow"
/blog/national-verifier-mistakes/,article,National Verifier mistakes,"Ten practical mistakes, corrections, upload quality, and status tracking.",National Verifier mistakes,identity matching; automated database check; manual document review; application status; official notice,USAC; FCC; National Verifier; household; provider terms,Lifeline; USAC; FCC; identity matching; automated database check,"Ten practical mistakes, corrections, upload quality, and status tracking.",Discover,Common National Verifier Mistakes and How to Fix Them,Common National Verifier Mistakes and How to Fix Them | AccessPath Guide,"Most preventable delays involve name, address, date, document quality, duplicate household records, or unfinished follow-up tasks.",1500,1667,BlogPosting,/blog/,2,0,https://www.lifelinesupport.org/how-to-qualify/; https://www.fcc.gov/lifeline-consumers,Original editorial illustration,Quarterly; immediate for material rule changes,"index,follow"
/blog/no-tablet-provider-available/,article,no Lifeline tablet provider,"Expand provider search, compare service first, ask precise questions, wait safely, and avoid scams.",no Lifeline tablet provider,coverage; monthly allowance; network; device terms; customer support,USAC; FCC; National Verifier; household; provider terms,Lifeline; USAC; FCC; coverage; monthly allowance,"Expand provider search, compare service first, ask precise questions, wait safely, and avoid scams.",Discover,What to Do When No Tablet Provider Is Available,What to Do When No Tablet Provider Is Available | AccessPath Guide,A missing tablet offer does not mean Lifeline eligibility failed; service and device promotions are separate decisions.,1500,1722,BlogPosting,/blog/,2,0,https://www.lifelinesupport.org/how-to-qualify/; https://www.fcc.gov/lifeline-consumers; https://www.lifelinesupport.org/companies-near-me/,Original editorial illustration,Quarterly; immediate for material rule changes,"index,follow"
/blog/lifeline-service-vs-device/,article,Lifeline service vs device,"Legal and practical distinction, billing, inventory, plan attachment, and consumer expectations.",Lifeline service vs device,activation; regular use; 30-day usage expectation; provider notice; de-enrollment,USAC; FCC; National Verifier; household; provider terms,Lifeline; USAC; FCC; activation; regular use,"Legal and practical distinction, billing, inventory, plan attachment, and consumer expectations.",Discover,Lifeline Service Benefits vs Device Promotions,Lifeline Service Benefits vs Device Promotions | AccessPath Guide,"The federal benefit supports eligible phone or internet service, while a device is governed by a provider’s current promotion and terms.",1500,1727,BlogPosting,/blog/,1,0,https://www.lifelinesupport.org/how-to-qualify/; https://www.fcc.gov/lifeline-consumers; https://www.lifelinesupport.org/companies-near-me/,Original editorial illustration,Quarterly; immediate for material rule changes,"index,follow"
/blog/compare-lifeline-providers-safely/,article,compare Lifeline providers safely,A repeatable seven-factor scorecard without fake rankings.,compare Lifeline providers safely,coverage; monthly allowance; network; device terms; customer support,USAC; FCC; National Verifier; household; provider terms,Lifeline; USAC; FCC; coverage; monthly allowance,A repeatable seven-factor scorecard without fake rankings.,Discover,How to Compare Lifeline Providers Safely,How to Compare Lifeline Providers Safely | AccessPath Guide,"A safe comparison starts with official availability and coverage, then examines plan allowances, support, fees, and device conditions.",1500,1726,BlogPosting,/blog/,1,0,https://www.lifelinesupport.org/how-to-qualify/; https://www.fcc.gov/lifeline-consumers; https://www.lifelinesupport.org/companies-near-me/,Original editorial illustration,Quarterly; immediate for material rule changes,"index,follow"
/blog/documents-prevent-delays/,article,Lifeline documents prevent delays,"Document anatomy, image quality, matching details, privacy, and replacement evidence.",Lifeline documents prevent delays,legibility; current date; applicant name; issuing organization; complete page,USAC; FCC; National Verifier; household; provider terms,Lifeline; USAC; FCC; legibility; current date,"Document anatomy, image quality, matching details, privacy, and replacement evidence.",Discover,Documents That May Help Prevent Lifeline Delays,Documents That May Help Prevent Lifeline Delays | AccessPath Guide,"A current document that clearly connects the applicant to the qualifying fact is more useful than a card, screenshot, or partial page.",1500,1734,BlogPosting,/blog/,1,0,https://www.lifelinesupport.org/how-to-qualify/; https://www.fcc.gov/lifeline-consumers; https://www.lifelinesupport.org/get-started/documents-needed/,Original editorial illustration,Quarterly; immediate for material rule changes,"index,follow"
/blog/one-lifeline-per-household/,article,one Lifeline per household meaning,"Economic household examples, dependents, shelters, temporary addresses, and worksheets.",one Lifeline per household meaning,shared income; shared expenses; economic household; roommates; household worksheet,USAC; FCC; National Verifier; household; provider terms,Lifeline; USAC; FCC; shared income; shared expenses,"Economic household examples, dependents, shelters, temporary addresses, and worksheets.",Discover,What One Lifeline Benefit per Household Means,What One Lifeline Benefit per Household Means | AccessPath Guide,"The rule focuses on people who live together and share income and expenses, so unrelated roommates may be separate households.",1500,1765,BlogPosting,/blog/,1,0,https://www.lifelinesupport.org/how-to-qualify/; https://www.fcc.gov/lifeline-consumers; https://www.lifelinesupport.org/what-is-a-household/,Original editorial illustration,Quarterly; immediate for material rule changes,"index,follow"
/blog/lifeline-recertification-explained/,article,how Lifeline recertification works,"Timeline, notices, 60-day window, evidence, status, and provider continuity.",how Lifeline recertification works,annual eligibility review; official notice; 60-day response period; supporting proof; continued service,USAC; FCC; National Verifier; household; provider terms,Lifeline; USAC; FCC; annual eligibility review; official notice,"Timeline, notices, 60-day window, evidence, status, and provider continuity.",Discover,How Lifeline Recertification Works,How Lifeline Recertification Works | AccessPath Guide,Recertification confirms continued eligibility and may be automatic or require a response to an official notice.,1500,1703,BlogPosting,/blog/,1,0,https://www.lifelinesupport.org/how-to-qualify/; https://www.fcc.gov/lifeline-consumers; https://www.lifelinesupport.org/get-started/recertify/,Original editorial illustration,Quarterly; immediate for material rule changes,"index,follow"
/blog/fake-tablet-application-warning-signs/,article,fake tablet application website,"A practical safety audit for landing pages, forms, calls, messages, and provider claims.",fake tablet application website,official eligibility rules; clear documentation; household limits; provider-specific terms; privacy and scam prevention,USAC; FCC; National Verifier; household; provider terms,Lifeline; USAC; FCC; official eligibility rules; clear documentation,"A practical safety audit for landing pages, forms, calls, messages, and provider claims.",Discover,Warning Signs of a Fake Tablet Application Website,Warning Signs of a Fake Tablet Application Website | AccessPath Guide,"Guarantees, countdowns, unrelated redirects, insecure document requests, hidden fees, and invented endorsements are major warning signs.",1500,1692,BlogPosting,/blog/,1,0,https://www.lifelinesupport.org/how-to-qualify/; https://www.fcc.gov/lifeline-consumers; https://www.lifelinesupport.org/companies-near-me/,Original editorial illustration,Quarterly; immediate for material rule changes,"index,follow"
